{
    "answers": {
        "phase":  "deployment",
        "action":  "container structuring",
        "scope":  "data management",
        "action experience": 2,
        "prog lang":  "other",
        "other prog lang": "n/a",
        "aimodel":  "lmstudio-hosted" ,
        "aimodel version": "<fill in>",
        "lmstudio-hosted aimodel": "WizardLM/WizardCoder-Python-34B-V1.0",
        "tool option":  "locally-run",
        "experience with tool": 4,
        "time allocated (h)": "1",
        "time saved estimate (h)": "3", 
        "quality of ai help": 3,
        "knowledge acquired": 3,
        "generic feeling - now": 1,
        "generic feeling - future": 2,
        "threat level": 1,
        "notes": "don't have to add anything"
    }
}
