{
    "answers": {
        "phase":  "coding",
        "action": "code management",
        "scope":  "frontend",
        "action experience": 2,
        "prog lang":  "other",
        "other prog lang": "css",
        "aimodel":  "lmstudio-hosted",
        "aimodel version": "<fill in>",
        "lmstudio-hosted aimodel": "WizardLM/WizardCoder-Python-34B-V1.0",
        "tool option": "locally-run",
        "experience with tool": 2,
        "time allocated (h)": "1",
        "time saved estimate (h)": "1", 
        "quality of ai help": 4,
        "knowledge acquired": 1,
        "generic feeling - now": 2,
        "generic feeling - future": 0,
        "threat level": 0,
        "notes": "n/a"
    }
}
