{
    "answers": {
        "phase": "deployment",
        "action":  "orchestration design",
        "scope": "data management",
        "action experience":2,
        "prog lang": "n/a",
        "other prog lang": "<fill in>",
        "aimodel": "lmstudio-hosted",
        "aimodel version": "<fill in>",
        "lmstudio-hosted aimodel": "WizardLM/WizardCoder-Python-34B-V1.0",
        "tool option":  "locally-run",
        "experience with tool": 1,
        "time allocated (h)": "1",
        "time saved estimate (h)": "1", 
        "quality of ai help": 2,
        "knowledge acquired": 3,
        "generic feeling - now": 4,
        "generic feeling - future": 5,
        "threat level": 0,
        "notes": "n/a>"
    }
}
