{
    "answers": {
        "phase": "coding",
        "action": "api design",
        "scope":"backend",
        "action experience": 3,
        "prog lang":"python",
        "other prog lang": "<fill in>",
        "aimodel":  "lmstudio-hosted" ,
        "aimodel version": "<fill in>",
        "lmstudio-hosted aimodel": "WizardLM/WizardCoder-Python-34B-V1.0",
        "tool option": "locally-run",
        "experience with tool": 2,
        "time allocated (h)": "1",
        "time saved estimate (h)": "1", 
        "quality of ai help": 1,
        "knowledge acquired": 4,
        "generic feeling - now": 3,
        "generic feeling - future": 5,
        "threat level": 2,
        "notes": "again a wrong answer"
    }
}
