{
    "answers": {
        "phase":  "coding",
        "action": "orchestration design",
        "scope":  "messaging deployment",
        "action experience": 4,
        "prog lang": "python",
        "other prog lang": "<fill in>",
        "aimodel":  "lmstudio-hosted" ,
        "aimodel version": "<fill in>",
        "lmstudio-hosted aimodel": "WizardLM/WizardCoder-Python-34B-V1.0",
        "tool option": "locally-run",
        "experience with tool": 2,
        "time allocated (h)": "1",
        "time saved estimate (h)": "1", 
        "quality of ai help": 2,
        "knowledge acquired": 0,
        "generic feeling - now": 1,
        "generic feeling - future": 5,
        "threat level": 2,
        "notes": "n/a"
    }
}
