{
    "answers": {
        "phase": "deployment",
        "action": "container structuring",
        "scope":  "deployment scripts",
        "action experience": 3,
        "prog lang": "n/a",
        "other prog lang": "<fill in>",
        "aimodel": "lmstudio-hosted",
        "aimodel version": "<fill in>",
        "lmstudio-hosted aimodel": "WizardLM/WizardCoder-Python-34B-V1.0",
        "tool option": "locally-run",
        "experience with tool": 4,
        "time allocated (h)": "2",
        "time saved estimate (h)": "4", 
        "quality of ai help": 4,
        "knowledge acquired": 4,
        "generic feeling - now": 0,
        "generic feeling - future":1,
        "threat level": 1,
        "notes": "absolutely not a single comment to make..."
    }
}
