{
    "answers": {
        "phase":  "coding",
        "action": "container structuring",
        "scope": "container configuration",
        "action experience": 3,
        "prog lang": "other",
        "other prog lang": "docker",
        "aimodel":  "lmstudio-hosted" ,
        "aimodel version": "<fill in>",
        "lmstudio-hosted aimodel": "WizardLM/WizardCoder-Python-34B-V1.0",
        "tool option":  "locally-run",
        "experience with tool": 3,
        "time allocated (h)": "1",
        "time saved estimate (h)": "1", 
        "quality of ai help": 2,
        "knowledge acquired": 0,
        "generic feeling - now": 1,
        "generic feeling - future": 3,
        "threat level": 0,
        "notes": "dont have any"
    }
}
