{
    "answers": {
        "phase": "architecture",
        "action": "orchestration design",
        "scope": "backend",
        "action experience": 5,
        "prog lang": "n/a",
        "other prog lang": "<fill in>",
        "aimodel": "chatgpt",
        "aimodel version": "4o",
        "lmstudio-hosted aimodel": "<fill-in>",
        "tool option": "online full",
        "experience with tool": 5,
        "time allocated (h)": 1,
        "time saved estimate (h)": 2, 
        "quality of ai help": 5,
        "knowledge acquired": 5,
        "generic feeling - now": 5,
        "generic feeling - future": 5,
        "threat level": 0,
        "notes": "nothing to comment"
    }
}
