{
    "answers": {
        "phase":  "coding",
        "action":  "container structuring",
        "scope":  "deployment scripts",
        "action experience": 2,
        "prog lang":  "yaml/json",
        "other prog lang": "<fill in>",
        "aimodel":  "lmstudio-hosted" ,
        "aimodel version": "<fill in>",
        "lmstudio-hosted aimodel": "WizardLM/WizardCoder-Python-34B-V1.0",
        "tool option":  "locally-run",
        "experience with tool": 2,
        "time allocated (h)": "1",
        "time saved estimate (h)": "2", 
        "quality of ai help": 2,
        "knowledge acquired": 4,
        "generic feeling - now": 1,
        "generic feeling - future": 4,
        "threat level": 0,
        "notes": "n/a"
    }
}
