{
    "answers": {
        "phase": "coding",
        "action": "code management",
        "scope": "frontend",
        "action experience": 2,
        "prog lang":"other",
        "other prog lang": "css",
        "aimodel": "lmstudio-hosted",
        "aimodel version": "<fill in>",
        "lmstudio-hosted aimodel": "WizardLM/WizardCoder-Python-34B-V1.0",
        "tool option": "locally-run",
        "experience with tool": 4,
        "time allocated (h)": "1",
        "time saved estimate (h)": "4", 
        "quality of ai help": 2,
        "knowledge acquired": 0,
        "generic feeling - now": 0,
        "generic feeling - future": 1,
        "threat level": 0,
        "notes": "poor answer to my prompt"
    }
}
