{
    "answers": {
        "phase": "coding",
        "action": "api design",
        "scope": "backend",
        "action experience": 3,
        "prog lang": "python",
        "other prog lang": "<fill in>",
        "aimodel":  "lmstudio-hosted",
        "aimodel version": "<fill in>",
        "lmstudio-hosted aimodel": "WizardLM/WizardCoder-Python-34B-V1.0",
        "tool option":  "locally-run",
        "experience with tool": 3,
        "time allocated (h)": "1",
        "time saved estimate (h)": "1", 
        "quality of ai help": 5,
        "knowledge acquired": 5,
        "generic feeling - now": 5,
        "generic feeling - future": 3,
        "threat level": 5,
        "notes": "nothing to comment"
    }
}
