{
    "answers": {
        "phase":  "coding",
        "action":  "container structuring",
        "scope": "container configuration",
        "action experience": 2,
        "prog lang": "other",
        "other prog lang": "docker-script",
        "aimodel":  "lmstudio-hosted",
        "aimodel version": "<fill in>",
        "lmstudio-hosted aimodel": "WizardLM/WizardCoder-Python-34B-V1.0",
        "tool option":  "locally-run",
        "experience with tool": 4,
        "time allocated (h)": "1",
        "time saved estimate (h)": "3", 
        "quality of ai help": 4,
        "knowledge acquired": 1,
        "generic feeling - now": 5,
        "generic feeling - future": 5,
        "threat level":1,
        "notes": "n/a"
    }
}

        