{
    "answers": {
        "phase": "coding",
        "action":"api design",
        "scope": "api",
        "action experience": 2,
        "prog lang":"python",
        "other prog lang": "<fill in>",
        "aimodel":  "lmstudio-hosted",
        "aimodel version": "<fill in>",
        "lmstudio-hosted aimodel": "WizardLM/WizardCoder-Python-34B-V1.0 ",
        "tool option": "locally-run",
        "experience with tool": 2,
        "time allocated (h)": "1",
        "time saved estimate (h)": "1", 
        "quality of ai help": 1,
        "knowledge acquired": 0,
        "generic feeling - now": 0,
        "generic feeling - future": 3,
        "threat level": 0,
        "notes": "again a wrong answer"
    }
}
