{
    "answers": {
        "phase":  "deployment",
        "action":  "data design",
        "scope": "data management",
        "action experience": 3,
        "prog lang": "other",
        "other prog lang": "docker/bash",
        "aimodel": "lmstudio-hosted",
        "aimodel version": "<fill in>",
        "lmstudio-hosted aimodel": "WizardLM/WizardCoder-Python-34B-V1.0",
        "tool option": "locally-run",
        "experience with tool": 1,
        "time allocated (h)": "2",
        "time saved estimate (h)": "3", 
        "quality of ai help": 4,
        "knowledge acquired": 5,
        "generic feeling - now": 0,
        "generic feeling - future": 2,
        "threat level": 0,
        "notes": "dont have any..."
    }
}
