{
    "answers": {
        "phase":  "deployment",
        "action":  "container structuring",
        "scope":  "api", 
        "action experience": 3,
        "prog lang":  "other",
        "other prog lang": ".env/file",
        "aimodel":  "lmstudio-hosted" ,
        "aimodel version": "<fill in>",
        "lmstudio-hosted aimodel": "WizardLM/WizardCoder-Python-34B-V1.0",
        "tool option":  "locally-run",
        "experience with tool": 2,
        "time allocated (h)": "1",
        "time saved estimate (h)": "4", 
        "quality of ai help": 2,
        "knowledge acquired": 3,
        "generic feeling - now": 0,
        "generic feeling - future": 1,
        "threat level": 0,
        "notes": "n/a"
    }
}
