{
    "answers": {
        "phase":  "deployment",
        "action": "orchestration design",
        "scope":  "backend",
        "action experience": 2,
        "prog lang": "n/a",
        "other prog lang": "<fill in>",
        "aimodel": "lmstudio-hosted",
        "aimodel version": "<fill in>",
        "lmstudio-hosted aimodel": "WizardLM/WizardCoder-Python-34B-V1.0",
        "tool option":  "locally-run",
        "experience with tool": 3,
        "time allocated (h)": "1",
        "time saved estimate (h)": "2", 
        "quality of ai help": 4,
        "knowledge acquired": 2,
        "generic feeling - now": 0,
        "generic feeling - future": 1,
        "threat level": 0,
        "notes": "don't have to add anything"
    }
}
